x,N,L,dps,log10_E0,log10_gap_even,log10_gap_odd,mu,mu_corr,mu_lat,eta1,tracked_zeros,tracked_height
100,3,4.605170185988092,103,-14.83330989098915,-9.045626068415398,-11.781493489836276,0.009962847438377031,0.00044200367905776,0.009520843759319272,14.146104370265368,0,0.0
100,5,4.605170185988092,112,-21.745713705325226,-16.060369286141185,-18.772313837597387,0.00666638276643378,0.0005807465385091218,0.0060856362279246585,14.134726767227221,0,0.0
100,8,4.605170185988092,126,-31.36207812455179,-25.407168075994978,-28.28388743251596,0.004645293292200932,0.0007004746159169306,0.003944818676284001,14.134725141734696,2,21.022039638771556
100,11,4.605170185988092,139,-39.696383726551815,-33.62148745785116,-36.53654716267615,0.003707327277298435,0.0007898723661144708,0.002917454911183964,14.134725141734695,3,25.01085758014569
100,16,4.605170185988092,162,-52.31335756351979,-46.342330664119345,-49.21174183009136,0.002917881937588513,0.0008837594694428195,0.002034122468145694,14.134725141734695,6,37.586178158825675
100,21,4.605170185988092,184,-63.9346514262439,-57.450573206190654,-60.58719688772025,0.0025115100951110573,0.0009502169854992875,0.0015612931096117696,14.134725141734695,8,43.327073280915
100,32,4.605170185988092,234,-86.80015392058516,-80.0909320734561,-83.3125606899346,0.0020727210601902586,0.0010397469547134585,0.0010329741054768001,14.134725141734695,14,60.83177852460981
100,42,4.605170185988092,279,-105.2833646200022,-98.41020094177973,-101.66297126066785,0.001882209148786983,0.0010922584350626112,0.0007899507137243718,14.134725141734695,21,79.33737502024937
100,64,4.605170185988092,378,-141.45967814426365,-134.11693287541138,-137.67867986923957,0.0016833235499971212,0.0011627979806057408,0.0005205255693913804,14.134725141734695,34,111.02953554316967
